feature,importance
visit_month,18
O00391,1
O00533,1
O00584,5
O14498,3
O14773,2
O14791,2
O15240,3
O15394,2
O43505,1
O60888,1
O75144,2
O75326,3
O94919,4
P00441,3
P00450,1
P00734,2
P00736,1
P00738,10
P00746,5
P00747,0
P00748,8
P00751,0
P01008,2
P01009,3
P01011,2
P01019,2
P01023,0
P01024,1
P01031,2
P01033,4
P01034,0
P01042,8
P01344,9
P01591,4
P01594,6
P01608,5
P01621,5
P01717,5
P01780,2
P01833,3
P01834,5
P01857,5
P01859,6
P01860,8
P01861,7
P01876,4
P01877,8
P02452,0
P02647,2
P02649,0
P02652,1
P02655,4
P02656,13
P02671,1
P02675,2
P02679,1
P02747,0
P02748,2
P02749,1
P02750,2
P02751,2
P02753,9
P02760,0
P02763,1
P02765,2
P02766,2
P02768,1
P02774,3
P02787,0
P02790,2
P02792,2
P04004,1
P04075,0
P04156,0
P04180,9
P04196,1
P04207,2
P04211,4
P04216,0
P04217,4
P04275,1
P04406,1
P04433,11
P05060,1
P05067,0
P05090,2
P05155,3
P05156,2
P05408,0
P05452,2
P05546,2
P06310,7
P06396,0
P06454,2
P06681,2
P06727,4
P07195,1
P07225,1
P07333,3
P07339,1
P07602,0
P07711,3
P07858,0
P07998,0
P08123,4
P08133,4
P08253,0
P08294,2
P08493,1
P08571,1
P08603,1
P08637,1
P08697,1
P09104,1
P09486,2
P09871,0
P10451,0
P10643,6
P10645,2
P10909,3
P11142,3
P11277,2
P12109,4
P13473,1
P13521,1
P13591,3
P13611,2
P13671,4
P13987,2
P14174,1
P14314,2
P14618,0
P16035,4
P16070,4
P16152,2
P16870,2
P17174,0
P17936,6
P18065,4
P19021,6
P19652,3
P19823,3
P19827,2
P20774,1
P20933,3
P23083,15
P23142,1
P24592,1
P25311,3
P27169,2
P30086,0
P31997,2
P32754,2
P35542,7
P36222,5
P36955,1
P36980,7
P39060,4
P40925,2
P41222,1
P43121,6
P43251,4
P43652,4
P49588,5
P49908,2
P51884,3
P54289,2
P55290,2
P60174,4
P61278,2
P61626,3
P61769,1
P61916,1
P80748,8
P98160,2
Q02818,0
Q06481,3
Q08380,4
Q12805,0
Q12841,4
Q12907,2
Q13283,0
Q13332,2
Q13449,3
Q13451,8
Q13740,2
Q14118,0
Q14508,2
Q14515,0
Q14624,1
Q15904,1
Q16270,1
Q16610,2
Q562R1,0
Q6UX71,1
Q6UXB8,10
Q6UXD5,10
Q7Z3B1,0
Q7Z5P9,5
Q8IWV7,6
Q8N2S1,0
Q8NBJ4,3
Q8NE71,3
Q92520,0
Q92823,2
Q92876,3
Q96BZ4,0
Q96KN2,2
Q96PD5,6
Q96S96,1
Q99435,1
Q99674,2
Q99683,2
Q99829,1
Q99832,6
Q99969,2
Q9BY67,1
Q9HDC9,6
Q9NQ79,1
Q9NYU2,4
Q9UBR2,3
Q9UBX5,4
Q9UHG2,0
Q9UKV8,3
Q9UNU6,1
Q9Y646,1
Q9Y6R7,4
AADDTWEPFASGK_P02766,1
AAFGQGSGPIMLDEVQC(UniMod_4)TGTEASLADC(UniMod_4)K_Q08380,2
AAFTEC(UniMod_4)C(UniMod_4)QAADK_P02768,10
AANEVSSADVK_Q13449,0
AATGEC(UniMod_4)TATVGKR_P01042,3
AATVGSLAGQPLQER_P02649,1
AAVYHHFISDGVR_P01024,5
ADDKETC(UniMod_4)FAEEGKK_P02768,2
ADDKETC(UniMod_4)FAEEGK_P02768,3
ADDLGKGGNEESTKTGNAGSR_P00441,3
ADLSGITGAR_P01011,2
ADQVC(UniMod_4)INLR_Q12805,0
ADRDQYELLC(UniMod_4)LDNTR_P02787,2
ADSGEGDFLAEGGGVR_P02671,4
AEAQEAEDQQAR_Q9UHG2,2
AEFAEVSK_P02768,0
AELQC(UniMod_4)PQPAA_P01024,3
AESPEVC(UniMod_4)FNEESPK_P43652,5
AFPALTSLDLSDNPGLGER_P08571,2
AGAAAGGPGVSGVC(UniMod_4)VC(UniMod_4)K_Q16270,0
AGALNSNDAFVLK_P06396,1
AGC(UniMod_4)VAESTAVC(UniMod_4)R_Q9Y6R7,7
AGDFLEANYMNLQR_P01024,2
AGKEPGLQIWR_P06396,3
AGLAASLAGPHSIVGR_P08294,2
AGLLRPDYALLGHR_Q96PD5,2
AGLQVYNK_P13987,1
AIGAVPLIQGEYMIPC(UniMod_4)EK_P07339,3
AIGYLNTGYQR_P01023,6
AIPVTQYLK_P43652,3
AIQLTYNPDESSKPNMIDAATLK_P02679,2
AKAYLEEEC(UniMod_4)PATLRK_P25311,0
AKLEEQAQQIR_P02649,1
AKPALEDLR_P02647,4
AKWEMPFDPQDTHQSR_P01011,0
ALANSLAC(UniMod_4)QGK_P04075,1
ALDFAVGEYNK_P01034,2
ALEQDLPVNIK_Q96KN2,1
ALEYIENLR_P13521,0
ALFLETEQLK_Q13740,1
ALGISPFHEHAEVVFTANDSGPRR_P02766,2
ALGISPFHEHAEVVFTANDSGPR_P02766,2
ALMSPAGMLR_O75144,3
ALPGTPVASSQPR_O14498,0
ALQDQLVLVAAK_P01019,8
ALSIGFETC(UniMod_4)R_P16070,0
ALSSEWKPEIR_P13591,2
ALTDMPQMR_P02671,2
ALVQQMEQLR_P06727,6
ALYLQYTDETFR_P00450,3
ANAGKPKDPTFIPAPIQAK_P01019,2
ANRPFLVFIR_P01008,2
APEAQVSVQPNFQQDK_P41222,0
APHGPGLIYR_P02765,1
APLIPMEHC(UniMod_4)TTR_P09486,1
AQAGANTRPC(UniMod_4)PS_P98160,3
AQC(UniMod_4)GGGLLGVR_P13611,3
AQGFTEDTIVFLPQTDK_P41222,0
AQPVQVAEGSEPDGFWEALGGK_P06396,0
AQTTVTC(UniMod_4)M(UniMod_35)ENGWSPTPR_P08603,7
AQTTVTC(UniMod_4)MENGWSPTPR_P08603,2
ARAEAQEAEDQQAR_Q9UHG2,0
ASEGGFTATGQR_Q16610,1
ASGSPEPAISWFR_O15394,2
ASHEEVEGLVEK_Q08380,1
ASLVPMEHC(UniMod_4)ITR_Q14515,9
ASNLESGVPSR_P01594,1
ASQSVSSYLAWYQQKPGQAPR_P04433,2
ASVGQDSPEPR_Q6UX71,0
ASYGVKPR_P00751,3
ASYLDC(UniMod_4)IR_P02787,5
ATEDEGSEQKIPEATNRR_P01008,5
ATEDEGSEQKIPEATNR_P01008,1
ATEHLSTLSEK_P02647,1
ATFGC(UniMod_4)HDGYSLDGPEEIEC(UniMod_4)TK_P02749,0
ATLGPAVRPLPWQR_P00746,5
ATTVTGTPC(UniMod_4)QDWAAQEPHR_P00747,1
ATVNPSAPR_P08571,0
ATVVYQGER_P02749,3
ATWSGAVLAGR_P04217,2
AVC(UniMod_4)SQEAMTGPC(UniMod_4)R_Q06481,2
AVDTWSWGER_Q08380,3
AVGDKLPEC(UniMod_4)EADDGC(UniMod_4)PKPPEIAHGYVEHSVR_P00738,2
AVISPGFDVFAK_P06681,5
AVLPTGDVIGDSAK_P01023,2
AVSEKEVDSGNDIYGNPIKR_P16035,2
AVVFLEPQWYR_P08637,1
AVVVHAGEDDLGR_P08294,1
AYKSELEEQLTPVAEETR_P02649,1
AYLEEEC(UniMod_4)PATLRK_P25311,4
AYLEEEC(UniMod_4)PATLR_P25311,2
AYQGVAAPFPK_O15240,3
C(UniMod_4)AEENC(UniMod_4)FIQK_P01024,0
C(UniMod_4)APFFYGGC(UniMod_4)GGNR_P05067,4
C(UniMod_4)C(UniMod_4)AAADPHEC(UniMod_4)YAK_P02768,1
C(UniMod_4)C(UniMod_4)ESASEDC(UniMod_4)MAKELPEHTVK_P02774,4
C(UniMod_4)C(UniMod_4)ESASEDC(UniMod_4)MAK_P02774,1
C(UniMod_4)C(UniMod_4)TESLVNR_P02768,2
C(UniMod_4)C(UniMod_4)VEC(UniMod_4)PPC(UniMod_4)PAPPVAGPSVFLFPPKPK_P01859,5
C(UniMod_4)DSSPDSAEDVRK_P02765,0
C(UniMod_4)FLAFTQTK_P05452,2
C(UniMod_4)FSGQC(UniMod_4)ISK_P10643,17
C(UniMod_4)IIEVLSNALSK_P05060,2
C(UniMod_4)KPVNTFVHEPLVDVQNVC(UniMod_4)FQEK_P07998,0
C(UniMod_4)LAFEC(UniMod_4)PENYRR_P23142,0
C(UniMod_4)LAFEC(UniMod_4)PENYR_P23142,2
C(UniMod_4)LAPLEGAR_P04217,5
C(UniMod_4)LKDGAGDVAFVK_P02787,2
C(UniMod_4)LPVTAPENGK_P08603,0
C(UniMod_4)LVEKGDVAFVKHQTVPQNTGGK_P02787,5
C(UniMod_4)LVEKGDVAFVK_P02787,4
C(UniMod_4)LVNLIEK_P00751,1
C(UniMod_4)MC(UniMod_4)PAENPGC(UniMod_4)R_Q9UBX5,0
C(UniMod_4)NLLAEK_P02765,3
C(UniMod_4)PFPSRPDNGFVNYPAKPTLYYK_P02749,1
C(UniMod_4)PNPPVQENFDVNKYLGR_P05090,8
C(UniMod_4)PNPPVQENFDVNK_P05090,6
C(UniMod_4)QC(UniMod_4)DELC(UniMod_4)SYYQSC(UniMod_4)C(UniMod_4)TDYTAEC(UniMod_4)KPQVTR_P04004,12
C(UniMod_4)RDQLPYIC(UniMod_4)QFGIV_P05452,4
C(UniMod_4)REILSVDC(UniMod_4)STNNPSQAK_P10909,2
C(UniMod_4)STSSLLEAC(UniMod_4)TFR_P02787,2
C(UniMod_4)SYTEDAQC(UniMod_4)IDGTIEVPK_P02749,2
C(UniMod_4)TSTGWIPAPR_P08603,2
C(UniMod_4)TTPPPSSGPTYQC(UniMod_4)LK_P00747,2
C(UniMod_4)VC(UniMod_4)PVSNAMC(UniMod_4)R_Q12805,0
C(UniMod_4)VDVDEC(UniMod_4)APPAEPC(UniMod_4)GK_P23142,1
C(UniMod_4)VNHYGGYLC(UniMod_4)LPK_Q12805,0
C(UniMod_4)YTAVVPLVYGGETK_P01591,1
DAC(UniMod_4)GC(UniMod_4)C(UniMod_4)PMC(UniMod_4)AR_Q16270,1
DALSSVQESQVAQQAR_P02656,2
DASGVTFTWTPSSGK_P01876,5
DC(UniMod_4)GSVDGVIKEVNVSPC(UniMod_4)PTQPC(UniMod_4)QLSK_P61916,2
DC(UniMod_4)HLAQVPSHTVVAR_P02787,1
DC(UniMod_4)SLPYATESK_P23142,1
DDKETC(UniMod_4)FAEEGKK_P02768,4
DDNPNLPR_P02768,1
DEPPQSPWDR_P02647,4
DFADIPNLR_P20774,0
DGAGDVAFVK_P02787,0
DGGFC(UniMod_4)EVC(UniMod_4)KK_P07602,3
DGGFC(UniMod_4)EVC(UniMod_4)K_P07602,3
DGLKYHYLIR_P43652,2
DGWSAQPTC(UniMod_4)IK_P08603,1
DIPMNPMC(UniMod_4)IYR_P01008,2
DKETC(UniMod_4)FAEEGKK_P02768,0
DKLAAC(UniMod_4)LEGNC(UniMod_4)AEGLGTNYR_P00734,2
DLATVYVDVLK_P02647,5
DLEDETLWVEER_P11277,0
DLGEENFK_P02768,4
DLLFKDSAHGFLK_P02787,1
DLLFRDDTVC(UniMod_4)LAK_P02787,1
DLLLPQPDLR_P02750,2
DMPASEDLQDLQK_P49908,0
DNC(UniMod_4)C(UniMod_4)ILDER_P02679,0
DNWVFC(UniMod_4)GGK_Q92520,0
DPTFIPAPIQAK_P01019,12
DQC(UniMod_4)QVDSQC(UniMod_4)PGQMK_Q14508,0
DQGNQEQDPNISNGEEEEEKEPGEVGTHNDNQER_Q14515,1
DQPFTILYR_Q9UBX5,1
DQTVSDNELQEM(UniMod_35)SNQGSK_P10909,1
DQTVSDNELQEMSNQGSK_P10909,5
DRLDEVKEQVAEVR_P02649,2
DSGEGDFLAEGGGVR_P02671,0
DSGFQM(UniMod_35)NQLR_P02787,1
DSGFQMNQLR_P02787,0
DSGRDYVSQFEGSALGK_P02647,3
DSGVPDRFSGSGSGTDFTLK_P06310,1
DTDTGALLFIGK_P36955,2
DTINLLDQR_Q8NBJ4,0
DTSC(UniMod_4)VNPPTVQNAYIVSR_P08603,2
DTVIKPLLVEPEGLEK_P01023,2
DVC(UniMod_4)KNYAEAK_P02768,1
DVLLEAC(UniMod_4)C(UniMod_4)ADGHR_P23142,3
DVQLVESGGGLVKPGGSLR_P01780,0
DVRDYFMPC(UniMod_4)PGR_P02790,2
DWHGVPGQVDAAMAGR_P04004,5
DYFMPC(UniMod_4)PGR_P02790,2
DYVSQFEGSALGK_P02647,8
EAEEETTNDNGVLVLEPARK_P43121,5
EAEEHQETQC(UniMod_4)LR_Q99969,0
EALQGVGDMGR_P35542,0
EC(UniMod_4)EEIIR_P02675,2
EDC(UniMod_4)NELPPRR_P08603,2
EDSLEAGLPLQVR_P10645,1
EFQLFSSPHGK_P02787,3
EFTRPEEIIFLR_P23142,1
EGDMLTLFDGDGPSAR_Q6UXD5,0
EGQEC(UniMod_4)GVYTPNC(UniMod_4)APGLQC(UniMod_4)HPPKDDEAPLR_P24592,3
EGTC(UniMod_4)PEAPTDEC(UniMod_4)KPVK_P02787,2
EGVQKEDIPPADLSDQVPDTESETR_P01024,0
EGYYGYTGAFR_P02787,0
EHVAHLLFLR_P19652,2
EIGELYLPK_P01011,1
EILSVDC(UniMod_4)STNNPSQAK_P10909,2
EIQNAVNGVK_P10909,1
EIVLTQSPATLSLSPGER_P04433,2
EIVMTQSPATLSVSPGER_P04207,0
EKLQDEDLGFL_P00751,2
ELDESLQVAER_P10909,3
ELDLNSVLLK_O00584,1
ELLESYIDGR_P00734,3
ELQQAVLHMEQR_Q02818,1
ELSSFIDKGQELC(UniMod_4)ADYSENTFTEYKK_P02774,0
ELSSFIDKGQELC(UniMod_4)ADYSENTFTEYK_P02774,0
EPGLC(UniMod_4)TWQSLR_P01033,1
EPQVYTLPPSRDELTK_P01857,1
EPTMYGEILSPNYPQAYPSEVEK_P09871,3
EQLSLLDRFTEDAKR_P01011,3
EQLTPLIK_P02652,3
EQPPSLTR_P00748,4
EQWPQC(UniMod_4)PTIK_P07858,0
ESAYLYAR_P20774,1
ESLQQMAEVTR_P14314,3
ESLSSYWESAK_P02655,0
ETLLQDFR_P02760,7
ETYGEMADC(UniMod_4)C(UniMod_4)AK_P02768,5
EVGPTNADPVC(UniMod_4)LAK_P00450,2
EVNVSPC(UniMod_4)PTQPC(UniMod_4)QLSK_P61916,0
EVPLNTIIFMGR_P01008,4
EVQPVELPNC(UniMod_4)NLVK_P27169,3
EVVEEAENGR_P06454,0
EVVSLTEAC(UniMod_4)C(UniMod_4)AEGADPDC(UniMod_4)YDTR_P02774,6
EWVAIESDSVQPVPR_Q96KN2,3
EYC(UniMod_4)GVPGDGDEELLR_P02760,2
FAALDNEEEDK_Q8NE71,0
FAEQDAK_Q13451,0
FDEFFSEGC(UniMod_4)APGSKK_P02787,1
FDEFFSEGC(UniMod_4)APGSK_P02787,0
FDGILGMAYPR_P07339,2
FEHC(UniMod_4)NFNDVTTR_P13987,4
FFLC(UniMod_4)QVAGDAK_P13591,4
FIYGGC(UniMod_4)GGNR_Q06481,6
FKDLGEENFK_P02768,0
FLATTPNSLLVSWQPPR_P02751,4
FLC(UniMod_4)TGGVSPYADPNTC(UniMod_4)R_P00751,2
FLENEDRR_P01009,0
FLENEDR_P01009,1
FLNVLSPR_P17936,0
FLPSYQAVEYMR_P20933,0
FLVNLVK_P43652,3
FM(UniMod_35)ETVAEK_P10909,5
FMETVAEK_P10909,0
FMQAVTGWK_P01019,2
FNALQYLR_P51884,4
FNKNNEGTYYSPNYNPQSR_P00450,3
FNKPFVFLM(UniMod_35)IEQNTK_P01009,2
FQNALLVR_P02768,1
FQPTLLTLPR_P05155,5
FQSVFTVTR_P02747,0
FSALEVDETYVPK_P02768,0
FSC(UniMod_4)FQEEAPQPHYQLR_Q16610,1
FSC(UniMod_4)MC(UniMod_4)PQGYQVVR_Q12805,1
FSEEAC(UniMod_4)AVLTSPTFEAC(UniMod_4)HR_P04275,0
FSGSLLGGK_P04211,0
FSGSNSGNTATLTISR_P80748,1
FSGTWYAMAK_P02753,13
FSPATHPSEGLEENYC(UniMod_4)RNPDNDPQGPWC(UniMod_4)YTTDPEKR_P00747,3
FSVVYAK_P02765,1
FTDSENVC(UniMod_4)QER_P43652,3
FTEC(UniMod_4)C(UniMod_4)QAADK_P02768,0
FTFEYSR_P43652,8
FTILDSQGK_Q9NYU2,0
FTNIGPDTMR_P02751,1
FTQVTPTSLSAQWTPPNVQLTGYR_P02751,2
FVEGLPINDFSR_P40925,0
FVVTDGGITR_P54289,2
FYNQVSTPLLR_P19823,3
FYVHNDIFR_Q13283,0
GAAPPKQEFLDIEDP_P16035,2
GALQNIIPASTGAAK_P04406,1
GAQTLYVPNC(UniMod_4)DHR_P24592,1
GAQTQTEEEMTR_Q12841,3
GATLALTQVTPQDER_P43121,3
GATTSPGVYELSSR_Q9Y6R7,13
GAYPLSIEPIGVR_P00450,0
GC(UniMod_4)PTEEGC(UniMod_4)GER_P10643,4
GC(UniMod_4)SFLPDPYQK_P07602,1
GDFSSANNRDNTYNR_P02671,5
GDKVWVYPPEKK_P02790,1
GEAAGAVQELAR_Q9UHG2,0
GEAGAPGEEDIQGPTK_P05060,7
GEC(UniMod_4)WC(UniMod_4)VNPNTGK_P18065,1
GEVQAMLGQSTEELRVR_P02649,0
GEVQAMLGQSTEELR_P02649,1
GGETSEMYLIQPDSSVKPYR_P02675,4
GGSTSYGTGSETESPR_P02671,2
GGTLGTPQTGSENDALYEYLR_P05452,4
GINVALANGK_Q92520,0
GIVEEC(UniMod_4)C(UniMod_4)FR_P01344,0
GIYGTISR_P01031,0
GKRPYQEGTPC(UniMod_4)SQC(UniMod_4)PSGYHC(UniMod_4)K_Q6UXB8,6
GLEFLSVPSTYYK_P32754,0
GLETSLAEC(UniMod_4)TFTK_P05156,2
GLGEISAASEFK_P13591,2
GLPAPIEK_P01859,5
GLSAEPGWQAK_P10645,1
GLVSWGNIPC(UniMod_4)GSK_Q92876,0
GLYDVVSVLR_O75144,7
GMADQDGLKPTIDKPSEDSPPLEMLGPR_P19827,0
GMDSC(UniMod_4)KGDSGGAFAVQDPNDKTK_P09871,1
GMFNIQHC(UniMod_4)K_P01009,8
GNPEPTFSWTK_O00533,0
GNQWVGYDDQESVK_P36222,6
GNSYFMVEVK_Q96KN2,5
GPSVFPLAPSSK_P01857,3
GQEDASPDRFSNTDYAVGYMLR_P36222,6
GQSISVTSIRPC(UniMod_4)AAETQ_P10643,11
GRPGPQPWC(UniMod_4)ATTPNFDQDQR_P00748,3
GRTC(UniMod_4)PKPDDLPFSTVVPLK_P02749,2
GSESGIFTNTK_P02671,5
GSFAC(UniMod_4)QC(UniMod_4)PPGYQK_Q12805,1
GSGGLNLGNFFASR_P19021,1
GSLVAPDR_P49588,0
GSPAINVAVHVFRK_P02766,1
GSPAINVAVHVFR_P02766,2
GSPSGEVSHPR_P02765,1
GSQTQSHPDLGTEGC(UniMod_4)WDQLSAPR_Q96PD5,3
GVALADFNR_Q9NQ79,2
GVASLFAGR_Q9NQ79,2
GWVTDGFSSLK_P02656,1
GYC(UniMod_4)APGMEC(UniMod_4)VK_Q16270,5
GYHLNEEGTR_P23142,1
GYPGVQAPEDLEWER_P05060,6
GYQLSDVDGVTC(UniMod_4)EDIDEC(UniMod_4)ALPTGGHIC(UniMod_4)SYR_P23142,0
GYTQQLAFR_P01024,1
HGGLYHENMR_P08603,4
HGNVAEGETKPDPDVTER_P02790,5
HGPGLIYR_P02765,5
HGSPVDIC(UniMod_4)TAKPR_P01008,2
HGTC(UniMod_4)AAQVDALNSQKK_O00584,0
HKVYAC(UniMod_4)EVTHQGLSSPVTK_P01834,6
HLDSVLQQLQTEVYR_P24592,2
HLSLLTTLSNR_P02774,1
HNC(UniMod_4)MENSIC(UniMod_4)R_Q99435,0
HPDEAAFFDTASTGK_P02671,16
HPNSPLDEENLTQENQDR_P01011,6
HPNVFGFC(UniMod_4)R_P04196,2
HQFLLTGDTQGR_P04217,1
HQPQEFPTYVEPTNDEIC(UniMod_4)EAFRKDPK_P02774,7
HQPQEFPTYVEPTNDEIC(UniMod_4)EAFRK_P02774,5
HQPQEFPTYVEPTNDEIC(UniMod_4)EAFR_P02774,5
HQTVPQNTGGKNPDPWAK_P02787,7
HRLEDMEQALSPSVFK_P05155,4
HSIFTPETNPR_P00747,2
HSTIFENLANK_P02787,0
HTFM(UniMod_35)GVVSLGSPSGEVSHPR_P02765,3
HTFMGVVSLGSPSGEVSHPR_P02765,2
HTSVQTTSSGSGPFTDVR_P02751,4
HVEPGEPLAPSPQEPQAVGR_Q99674,0
HVLFGTVGVPEHTYR_P04216,0
HYDGSYSTFGER_P01023,2
HYEGSTVPEK_P00738,14
HYTNPSQDVTVPC(UniMod_4)PVPPPPPC(UniMod_4)C(UniMod_4)HPR_P01877,4
IALVITDGR_P12109,3
IAPQLSTEELVSLGEK_P43652,1
IASFSQNC(UniMod_4)DIYPGKDFVQPPTK_P01042,13
IC(UniMod_4)ANVFC(UniMod_4)GAGR_Q12841,1
IC(UniMod_4)LEDNVLM(UniMod_35)SGVK_Q92520,3
IC(UniMod_4)LEDNVLMSGVK_Q92520,2
IC(UniMod_4)VGC(UniMod_4)PR_P01042,0
IDQNVEELKGR_P06727,2
IDQTVEELRR_P06727,1
IEC(UniMod_4)VSAETTEDC(UniMod_4)IAK_P02787,1
IEEELGDEAR_P09104,0
IEIPSSVQQVPTIIK_O00533,4
IEKVEHSDLSFSK_P61769,3
IFFYDSENPPASEVLR_P27169,2
IFSFDGKDVLR_P39060,4
IGADFLAR_P17174,4
IGDQWDKQHDMGHMMR_P02751,5
IGDTWSK_P02751,3
IHWESASLLR_P01024,5
IIGYTPDLDPETVDDAFAR_P08253,0
IIGYVISNQQITPGPAYSNR_P31997,1
IKPVFIEDANFGR_P54289,1
ILAGSADSEGVAAPR_Q9UHG2,2
ILEVVNQIQDEER_O94919,4
ILGPLSYSK_P51884,4
ILGQQVPYATK_P36222,4
ILLQGTPVAQMTEDAVDAER_P01024,1
ILTC(UniMod_4)M(UniMod_35)QGMEEIR_Q8IWV7,0
IMNGEADAMSLDGGFVYIAGK_P02787,9
INENTGSVSVTR_P55290,0
INHC(UniMod_4)RFDEFFSEGC(UniMod_4)APGSKK_P02787,1
IPIEDGSGEVVLSRK_P01024,0
IPIEDGSGEVVLSR_P01024,1
IPLNDLFR_P13473,1
IPTTFENGR_P05090,2
IPVIEPSVPELVVKPGATVTLR_P07333,0
IQPSGGTNINEALLR_P19823,3
ISASAEELR_P06727,0
ISC(UniMod_4)TIANR_P02751,0
ISHELDSASSEVN_P10451,0
ISLPESLKR_P01024,2
ISLPESLK_P01024,1
ISYGNDALMPSLTETK_P05067,0
ITGYIIK_P02751,2
ITSWMEPIVK_Q96S96,0
ITTTSPWMFPSR_P04180,4
ITYGETGGNSPVQEFTVPGSK_P02751,2
IVQIYKDLLR_P43652,2
IVSSAM(UniMod_35)EPDREYHFGQAVR_P08603,2
IVSSAMEPDREYHFGQAVR_P08603,0
IWDVVEK_P01024,4
IYISGMAPRPSLAK_P04004,6
IYISGMAPR_P04004,1
IYLYTLNDNAR_P02751,0
KAADDTWEPFASGK_P02766,2
KAEEEHLGILGPQLHADVGDKVK_P00450,4
KASYLDC(UniMod_4)IR_P02787,1
KATEDEGSEQKIPEATNR_P01008,1
KC(UniMod_4)C(UniMod_4)VEC(UniMod_4)PPC(UniMod_4)PAPPVAGPSVFLFPPKPK_P01859,4
KC(UniMod_4)STSSLLEAC(UniMod_4)TFR_P02787,1
KC(UniMod_4)SYTEDAQC(UniMod_4)IDGTIEVPK_P02749,16
KDSGFQM(UniMod_35)NQLR_P02787,1
KDSGFQMNQLR_P02787,1
KEC(UniMod_4)C(UniMod_4)EKPLLEK_P02768,3
KFPSGTFEQVSQLVK_P02774,8
KGGETSEMYLIQPDSSVKPYR_P02675,0
KIYPTVNC(UniMod_4)QPLGMISLMK_P01042,0
KLC(UniMod_4)MAALK_P02774,4
KLGQSLDC(UniMod_4)NAEVYVVPWEK_P01042,4
KLINDYVK_P01011,1
KLSENTDFLAPGVSSFTDSNQQESITK_Q14515,1
KLSSWVLLM(UniMod_35)K_P01009,1
KLSSWVLLMK_P01009,2
KLVGYLDR_P07602,0
KLVPFATELHER_P06727,2
KLYDYC(UniMod_4)DVPQC(UniMod_4)AAPSFDC(UniMod_4)GKPQVEPK_P00747,1
KMTVTDQVNC(UniMod_4)PK_P05090,8
KNM(UniMod_35)FEFLK_Q9UNU6,0
KPAEDEWGK_P02792,0
KPALEDLR_P02647,1
KPQSAVYSTGSNGILLC(UniMod_4)EAEGEPQPTIK_O00533,1
KPVDEYKDC(UniMod_4)HLAQVPSHTVVAR_P02787,1
KPVEEYANC(UniMod_4)HLAR_P02787,3
KQELSEAEQATR_P01024,1
KQINDYVEKGTQGK_P01009,2
KQINDYVEK_P01009,4
KQTALVELVK_P02768,0
KREEAPSLRPAPPPISGGGYR_P02675,6
KSASDLTWDNLK_P02787,0
KSPELQAEAK_P02652,0
KSQPMGLWR_P25311,1
KTLLSNLEEAKK_P10909,0
KTLLSNLEEAK_P10909,3
KTSLEDFYLDEER_P36955,2
KVEQAVETEPEPELR_P02649,3
KVESELIKPINPR_P07225,2
KVLLDGVQNPR_P01024,0
KVPQVSTPTLVEVSR_P02768,3
KVTYTSQEDLVEKK_P05156,4
KYFIDFVAR_P01042,1
KYLYEIAR_P02768,2
LAAAVSNFGYDLYR_P36955,2
LAAC(UniMod_4)GPPPVAPPAAVAAVAGGAR_P18065,1
LAARLEALKENGGAR_P02647,1
LAC(UniMod_4)C(UniMod_4)VVGVC(UniMod_4)GPGLWER_P08294,4
LADGGATNQGRVEIFYR_Q08380,3
LALLVDTVGPR_Q9Y646,0
LAPLAEDVR_P06727,1
LATVGELQAAWR_P13611,1
LAVTTHGLPC(UniMod_4)LAWASAQAK_P00734,11
LAVYQAGAR_P02649,3
LC(UniMod_4)DNLSTK_P02774,1
LC(UniMod_4)MAALK_P02774,3
LC(UniMod_4)MGSGLNLC(UniMod_4)EPNNKEGYYGYTGAFR_P02787,1
LC(UniMod_4)MGSGLNLC(UniMod_4)EPNNK_P02787,1
LC(UniMod_4)QDLGPGAFR_P08697,2
LC(UniMod_4)TVATLR_P02768,1
LDELRDEGK_P02768,2
LDEVKEQVAEVR_P02649,0
LDIDSPPITAR_P14618,2
LEAGDHPVELLAR_P09486,3
LEDMEQALSPSVFK_P05155,3
LEEQAQQIR_P02649,0
LEGEAC(UniMod_4)GVYTPR_P18065,3
LEGQEEEEDNRDSSMK_P10645,2
LEPGQQEEYYR_P04180,3
LEPYADQLR_P06727,2
LETPDFQLFK_P04217,1
LFAC(UniMod_4)SNK_P06396,1
LFDSDPITVTVPVEVSR_P10909,4
LFGGNFAHQASVAR_O14773,0
LGADM(UniMod_35)EDVC(UniMod_4)GR_P02649,5
LGADMEDVC(UniMod_4)GR_P02649,3
LGC(UniMod_4)SLNQNSVPDIHGVEAPAR_Q14118,0
LGEVNTYAGDLQK_P06727,0
LGMDGYR_P61626,0
LGMFNIQHC(UniMod_4)K_P01009,10
LGNQEPGGQTALK_P08697,0
LGPGMADIC(UniMod_4)K_P07602,0
LGPLVEQGRVR_P02649,2
LGPLVEQGR_P02649,5
LGQSLDC(UniMod_4)NAEVYVVPWEK_P01042,3
LGVRPSQGGEAPR_P02751,2
LHDRNTYEKYLGEEYVK_P02787,8
LHLDYIGPC(UniMod_4)K_P09486,3
LIADLGSTSITNLGFR_Q92520,1
LINDYVK_P01011,6
LIVHNGYC(UniMod_4)DGR_P02753,1
LKC(UniMod_4)DEWSVNSVGKIEC(UniMod_4)VSAETTEDC(UniMod_4)IAK_P02787,2
LKC(UniMod_4)DEWSVNSVGK_P02787,0
LKDDEVAQLKK_P07195,0
LKEDAVSAAFK_P51884,1
LLAGDHPIDLLLR_Q14515,2
LLC(UniMod_4)GLLAER_P14174,0
LLC(UniMod_4)QC(UniMod_4)LGFGSGHFR_P02751,2
LLDNWDSVTSTFSK_P02647,1
LLDSLPSDTR_P05155,1
LLEELVR_Q99683,0
LLELTGPK_P04217,1
LLEVPEGR_P09871,2
LLIYDASK_P01608,0
LLIYDASNR_P04433,2
LLIYGATSR_P01621,2
LLPAQLPAEKEVGPPLPQEAVPLQK_Q16610,3
LLRDPADASEAHESSSR_P05060,3
LMVELHNLYR_Q6UXB8,5
LNMHMNVQNGKWDSDPSGTK_P05067,3
LPPTSAHGNVAEGETKPDPDVTER_P02790,3
LPYTASSGLMAPR_Q15904,1
LQAEAFQAR_P02649,1
LQDLYSIVR_P39060,4
LQPLDFKENAEQSR_P01008,1
LQSIGTENTEENRR_P04075,1
LQSLFDSPDFSK_P36955,2
LRENELTYYC(UniMod_4)C(UniMod_4)KK_P13987,2
LRENELTYYC(UniMod_4)C(UniMod_4)K_P13987,0
LRTEGDGVYTLNNEKQWINK_P00738,5
LRTEGDGVYTLNNEK_P00738,10
LSELIQPLPLER_Q92876,1
LSINTHPSQKPLSITVR_P01024,3
LSITGTYDLK_P01009,2
LSKELQAAQAR_P02649,6
LSNENHGIAQR_P19823,1
LSPEDYTLK_P07339,7
LSPIYNLVPVK_P02748,0
LSPLGEEMR_P02647,1
LSSGLVTAALYGR_P43251,1
LSSWVLLM(UniMod_35)K_P01009,1
LSSWVLLMK_P01009,1
LSYEGEVTK_P36955,1
LSYTC(UniMod_4)EGGFR_P08603,1
LTASAPGYLAITK_P16870,2
LTPLYELVK_P10643,3
LVAYYTLIGASGQR_P01024,3
LVDGKGVPIPNKVIFIR_P01023,5
LVDKFLEDVKK_P01009,2
LVFFAEDVGSNK_P05067,4
LVGGPM(UniMod_35)DASVEEEGVRR_P01034,6
LVGGPMDASVEEEGVRR_P01034,0
LVGGPMDASVEEEGVR_P01034,0
LVGYLDR_P07602,0
LVMGIPTFGR_P36222,1
LVNEVTEFAK_P02768,3
LVPPMEEDYPQFGSPK_P08697,0
LVWEEAMSR_Q16610,2
LVYPSC(UniMod_4)EEK_P36980,0
LYEQLSGK_P30086,1
LYGSEAFATDFQDSAAAKK_P01011,3
LYGSEAFATDFQDSAAAK_P01011,2
LYHSEAFTVNFGDTEEAKK_P01009,0
LYQQHGAGLFDVTR_O14773,5
M(UniMod_35)ADEAGSEADHEGTHSTKR_P02671,1
M(UniMod_35)ASGAANVVGPK_Q92520,3
M(UniMod_35)C(UniMod_4)PQLQQYEMHGPEGLR_P01023,1
M(UniMod_35)ELERPGGNEITR_P02671,7
M(UniMod_35)LTPEHVFIHPGWK_P09871,1
M(UniMod_35)TVTDQVNC(UniMod_4)PK_P05090,2
M(UniMod_35)VQEQC(UniMod_4)C(UniMod_4)HSQLEELHC(UniMod_4)ATGISLANEQDR_P23142,1
M(UniMod_35)YLGYEYVTAIR_P02787,3
MADEAGSEADHEGTHSTKR_P02671,2
MASGAANVVGPK_Q92520,1
MATLYSR_P41222,1
MC(UniMod_4)PQLQQYEMHGPEGLR_P01023,3
MC(UniMod_4)VDVNEC(UniMod_4)QR_P23142,0
MDASLGNLFAR_Q92520,1
MDYPKQTQVSVLPEGGETPLFK_P06396,7
MELERPGGNEITR_P02671,0
MFTTAPDQVDKEDEDFQESNK_P00450,4
MGNFPWQVFTNIHGR_P00736,1
MKYWGVASFLQK_P02753,2
MMAVAADTLQR_Q96KN2,2
MNFRPGVLSSR_Q14624,3
MPC(UniMod_4)AELVREPGC(UniMod_4)GC(UniMod_4)C(UniMod_4)SVC(UniMod_4)AR_P18065,1
MPYEC(UniMod_4)GPSLDVC(UniMod_4)AQDER_P10643,3
MTVTDQVNC(UniMod_4)PK_P05090,2
MVQEQC(UniMod_4)C(UniMod_4)HSQLEELHC(UniMod_4)ATGISLANEQDR_P23142,3
MYLGYEYVTAIR_P02787,1
MYYSAVDPTKDIFTGLIGPM(UniMod_35)K_P00450,3
NANTFISPQQR_P08493,2
NEQEQPLGQWHLS_O00391,0
NFGYTLR_P05546,5
NFPPSQDASGDLYTTSSQLTLPATQC(UniMod_4)LAGK_P01876,8
NFPPSQDASGDLYTTSSQLTLPATQC(UniMod_4)PDGK_P01877,5
NFPSPVDAAFR_P02790,3
NGFYPATR_P08603,0
NIGEFC(UniMod_4)GK_P00736,4
NIINSDGGPYVC(UniMod_4)R_O15394,1
NILDRQDPPSVVVTSHQAPGEK_P25311,2
NILTSNNIDVKK_P05090,2
NILTSNNIDVK_P05090,2
NKFDPSLTQR_P08697,3
NKPLFFADK_P08133,0
NLAVSQVVHK_P01011,4
NLHGDGIALWYTR_Q12907,1
NLNEKDYELLC(UniMod_4)LDGTR_P02787,2
NLQPASEYTVSLVAIKGNQESPK_P02751,2
NLREGTC(UniMod_4)PEAPTDEC(UniMod_4)KPVK_P02787,1
NNEGTYYSPNYNPQSR_P00450,6
NPC(UniMod_4)QDPYILTPENR_Q12805,0
NPDGDVGGPWC(UniMod_4)YTTNPR_P00747,4
NPDPWAK_P02787,3
NPDSSTTGPWC(UniMod_4)YTTDPTVR_P00734,12
NQEQVSPLTLLK_P08697,6
NRDHDTFLAVR_Q12907,3
NSKFEDC(UniMod_4)C(UniMod_4)QEK_P02774,1
NSLESYAFNMK_P11142,0
NSLFEYQK_P02671,4
NSPLDEENLTQENQDR_P01011,2
NSVIKVPMMNSK_P05155,2
NSWGEEWGMGGYVK_P07711,8
NTEILTGSWSDQTYPEGTQAIYK_P08603,1
NTFAEVTGLSPGVTYYFK_P02751,3
NTGIIC(UniMod_4)TIGPASR_P14618,2
NVDGVNYASITR_Q9UBR2,0
NVVYTC(UniMod_4)NEGYSLIGNPVAR_P10643,1
NWGLGGHAFC(UniMod_4)R_P00748,0
PALEDLR_P02647,1
PIVTSPYQIHFTK_P01024,0
PNHAVVTR_P02787,1
PPTSAHGNVAEGETKPDPDVTER_P02790,3
PTLVEVSR_P02768,4
QALNTDYLDSDYQR_O94919,7
QALPQVR_Q99829,1
QAPGQGLEWMGR_P23083,2
QC(UniMod_4)VPTEPC(UniMod_4)EDAEDDC(UniMod_4)GNDFQC(UniMod_4)STGR_P02748,4
QDGSVDFGR_P02675,2
QELSEAEQATR_P01024,1
QEPERNEC(UniMod_4)FLQHKDDNPNLPR_P02768,0
QFTSSTSYNR_P02671,5
QGIPFFGQVR_P01023,1
QGVNDNEEGFFSAR_P02675,5
QHM(UniMod_35)DSDSSPSSSSTYC(UniMod_4)NQMMR_P07998,5
QHMDSDSSPSSSSTYC(UniMod_4)NQMMR_P07998,2
QHVVYGPWNLPQSSYSHLTR_Q16610,2
QIGSVYR_P04196,4
QINDYVEKGTQGK_P01009,1
QINDYVEK_P01009,3
QKPDGVFQEDAPVIHQEMIGGLR_P01024,0
QKVEPLRAELQEGAR_P02647,1
QKWEAEPVYVQR_P25311,3
QLEWGLER_P13671,0
QLKEHAVEGDC(UniMod_4)DFQLLKLDGK_P02765,1
QLNEINYEDHK_P00751,2
QNC(UniMod_4)ELFEQLGEYK_P02768,3
QPSSAFAAFVK_P01024,1
QQETAAAETETR_O15240,12
QQLVETHMAR_P05067,3
QQTEWQSGQR_P02649,1
QQTHMLDVMQDHFSR_P10909,1
QRQEELC(UniMod_4)LAR_P02753,7
QSGLYFIKPLK_P02679,2
QSTNAYPDLR_P07225,11
QTALVELVK_P02768,2
QTHQPPAPNSLIR_P02747,3
QTQVSVLPEGGETPLFK_P06396,1
QTVSWAVTPK_P01023,2
QVVAGLNFR_P01042,4
QWAGLVEK_P02649,0
QYNVGPSVSKYPLR_P02751,0
QYTDSTFRVPVER_P00450,8
RELDESLQVAER_P10909,1
RGEQC(UniMod_4)VDIDEC(UniMod_4)TIPPYC(UniMod_4)HQR_Q12805,3
RGYQLSDVDGVTC(UniMod_4)EDIDEC(UniMod_4)ALPTGGHIC(UniMod_4)SYR_P23142,5
RIPIEDGSGEVVLSRK_P01024,3
RLEAGDHPVELLAR_P09486,2
RLEGQEEEEDNRDSSMK_P10645,4
RLGMFNIQHC(UniMod_4)K_P01009,1
RLPIGSYF_P20774,1
RLYGSEAFATDFQDSAAAK_P01011,3
RNTEILTGSWSDQTYPEGTQAIYK_P08603,4
RPC(UniMod_4)FSALEVDETYVPK_P02768,1
RPDSLQHVLLPVLDR_P00746,10
RPGGEPSPEGTTGQSYNQYSQR_P02751,2
RQEC(UniMod_4)SIPVC(UniMod_4)GQDQVTVAMTPR_P00734,2
RTHLPEVFLSK_P02774,4
RTPITVVK_P06396,1
RVDTVDPPYPR_P04004,8
RVWELSK_P01008,0
RYIETDPANRDR_P06396,1
SASDLTWDNLKGK_P02787,6
SASDLTWDNLK_P02787,4
SASLHLPK_P01009,2
SC(UniMod_4)C(UniMod_4)EEQNKVNC(UniMod_4)LQTR_P43652,1
SC(UniMod_4)DIPVFMNAR_P08603,2
SC(UniMod_4)DKTHTC(UniMod_4)PPC(UniMod_4)PAPELLGGPSVFLFPPKPK_P01857,2
SC(UniMod_4)DNPYIPNGDYSPLR_P08603,2
SC(UniMod_4)DTPPPC(UniMod_4)PR_P01860,1
SC(UniMod_4)ESNSPFPVHPGTAEC(UniMod_4)C(UniMod_4)TK_P02774,7
SC(UniMod_4)SPELQQK_P16152,0
SC(UniMod_4)VGETTESTQC(UniMod_4)EDEELEHLR_P10643,3
SDDKVTLEER_P01024,0
SDVMYTDWKK_P19652,2
SDVMYTDWK_P19652,5
SDVVYTDWKK_P02763,1
SDVVYTDWK_P02763,1
SEALAVDGAGKPGAEEAQDPEGK_P10645,3
SEGLLAC(UniMod_4)GTNAR_O75326,1
SEGSSVNLSPPLEQC(UniMod_4)VPDRGQQYQGR_P00734,2
SELEEQLTPVAEETR_P02649,2
SETKDLLFRDDTVC(UniMod_4)LAK_P02787,3
SEYPSIK_P61916,0
SFNRGEC(UniMod_4)_P01834,1
SFPTYC(UniMod_4)QQK_P05156,5
SFQTGLFTAAR_P07225,1
SGEATDGARPQALPEPMQESK_P10645,0
SGELEQEEER_P10645,0
SGIEC(UniMod_4)QLWR_P00734,3
SGINC(UniMod_4)PIQK_P61916,1
SGIPIVTSPYQIHFTK_P01024,3
SGLSTGWTQLSK_P04217,2
SGNIPAGTTVDTK_Q9UKV8,1
SGSAHEYSSSPDDAIFQSLAR_P16870,5
SGSDEVQVGQQR_P01024,1
SIAQYWLGC(UniMod_4)PAPGHL_P04004,2
SIDVAC(UniMod_4)HPGYALPK_P08603,3
SILENLR_P02675,10
SIVVSPILIPENQR_P55290,0
SKEFQLFSSPHGK_P02787,6
SKVPPPRDFHINLFR_P06681,5
SLAAAAGKQELAK_P61278,0
SLAELGGHLDQQVEEFRR_P06727,2
SLAPYAQDTQEK_P06727,2
SLDFTELDVAAEK_P01019,5
SLEDLQLTHNKITK_P51884,3
SLEDQVEMLR_P14314,0
SLGEC(UniMod_4)C(UniMod_4)DVEDSTTC(UniMod_4)FNAK_P02774,2
SLGNVIMVC(UniMod_4)R_P08603,5
SLGSPSGEVSHPR_P02765,0
SLHTLFGDK_P02768,1
SLNNQIETLLTPEGSR_P08123,0
SLPSEASEQYLTK_Q92823,0
SMEQNGPGLEYR_O00533,0
SNAQGIDLNR_P16870,1
SNLDEDIIAEENIVSR_P01024,1
SNSSM(UniMod_35)HITDC(UniMod_4)R_P07998,1
SNSSMHITDC(UniMod_4)R_P07998,3
SNVSDAVAQSTR_P60174,0
SPAINVAVHVFR_P02766,2
SPELQAEAK_P02652,7
SPFEQHIK_Q92520,0
SPMYSIITPNILR_P01024,0
SPQGLGAFTPVVR_Q13332,0
SPVDIC(UniMod_4)TAKPR_P01008,1
SPVGVQPILNEHTFC(UniMod_4)AGMSK_P00738,7
SRGPGAPC(UniMod_4)QDVDEC(UniMod_4)AR_Q8N2S1,0
SRYPVC(UniMod_4)GSDGTTYPSGC(UniMod_4)QLR_Q16270,2
SSALDMENFR_P19823,1
SSFVAPLEK_P36955,1
SSGLVSNAPGVQIR_P04180,4
SSGQWQTPGATR_P06681,3
SSNLIILEEHLK_P08603,5
SSNTYTLTDVRR_Q13740,3
SSPVVIDASTAIDAPSNLR_P02751,1
SSQGGSLPSEEK_P05060,4
STGGISVPGPMGPSGPR_P02452,6
STNLHDYGMLLPC(UniMod_4)GIDK_P05067,2
STSSFPC(UniMod_4)PAGHFNGFR_Q08380,3
STTPDITGYR_P02751,1
SVIPSDGPSVAC(UniMod_4)VKK_P02787,2
SVIPSDGPSVAC(UniMod_4)VK_P02787,3
SVLGQLGITK_P01009,0
SVPMVPPGIK_P51884,4
SVPPSASHVAPTETFTYEWTVPK_P00450,0
SWFEPLVEDM(UniMod_35)QR_P02649,5
SYELTQPPSVSVSPGQTAR_P01717,0
SYLSMVGSC(UniMod_4)C(UniMod_4)TSASPTVC(UniMod_4)FLKER_P02774,1
SYTITGLQPGTDYK_P02751,5
TAKDALSSVQESQVAQQAR_P02656,6
TALASGGVLDASGDYR_O43505,0
TASDFITK_P06396,1
TATSEYQTFFNPR_P00734,6
TC(UniMod_4)VADESAENC(UniMod_4)DKSLHTLFGDK_P02768,5
TC(UniMod_4)VADESAENC(UniMod_4)DK_P02768,0
TDASDVKPC(UniMod_4)_P02749,2
TEGDGVYTLNNEK_P00738,3
TEHLSTLSEK_P02647,0
TEIDKPSQMQVTDVQDNSISVK_P02751,0
TELLPGDRDNLAIQTR_Q16270,2
TFHEASEDC(UniMod_4)ISR_P05452,0
TFISPIK_P01024,1
TFTC(UniMod_4)TAAYPESK_P01876,3
TFTLLDPK_Q96PD5,5
TFYEPGEEITYSC(UniMod_4)KPGYVSR_P02749,1
TFYSC(UniMod_4)TTEGR_P02751,4
TGAQELLR_P06396,5
TGDEITYQC(UniMod_4)R_P08603,1
TGTTGQSGAESGTTEPSAR_Q7Z5P9,0
TGYYFDGISR_P23142,4
THLAPYSDELRQR_P02647,1
THLAPYSDELR_P02647,6
THLGEALAPLSK_O15240,4
THLPEVFLSK_P02774,2
THPHFVIPYR_P05067,0
TINPAVDHC(UniMod_4)C(UniMod_4)K_P43652,0
TKEEYGHSEVVEYYC(UniMod_4)NPR_P08603,3
TKKQELSEAEQATR_P01024,4
TLEAQLTPR_P05546,3
TLKIENVSYQDKGNYR_O00533,3
TLLSNLEEAKK_P10909,10
TLLSNLEEAK_P10909,0
TLVVHEKADDLGKGGNEESTK_P00441,0
TLYSSSPR_P05155,0
TM(UniMod_35)LLQPAGSLGSYSYR_P41222,1
TM(UniMod_35)QENSTPRED_P09871,3
TMLLQPAGSLGSYSYR_P41222,1
TMQALPYSTVGNSNNYLHLSVLR_P01024,1
TMQENSTPRED_P09871,1
TMSEVGGSVEDLIAK_P07339,2
TNFDNDIALVR_P09871,1
TNTNVNC(UniMod_4)PIEC(UniMod_4)FMPLDVQADREDSRE_P02751,0
TPC(UniMod_4)QQELDQVLER_P18065,6
TPC(UniMod_4)TVSC(UniMod_4)NIPVVSGKEC(UniMod_4)EEIIR_P02675,5
TPENYPNAGLTMNYC(UniMod_4)R_P00747,1
TPEVTC(UniMod_4)VVVDVSHEDPEVK_P01857,3
TPLGDTTHTC(UniMod_4)PR_P01860,1
TPLPPTSAHGNVAEGETKPDPDVTER_P02790,2
TPLTATLSK_P01876,5
TPSAAYLWVGTGASEAEK_P06396,3
TPSGLYLGTC(UniMod_4)ER_P98160,2
TPVSDRVTK_P02768,1
TQSSLVPALTDFVR_O60888,0
TQVNTQAEQLRR_P06727,1
TQVNTQAEQLR_P06727,3
TSAHGNVAEGETKPDPDVTER_P02790,10
TSESGELHGLTTEEEFVEGIYK_P02766,4
TSLEDFYLDEER_P36955,1
TSPVDEKALQDQLVLVAAK_P01019,4
TSTDLQVLAAR_Q96BZ4,0
TTPEPC(UniMod_4)ELDDEDFR_P08571,0
TTPPVLDSDGSFFLYSK_P01857,4
TTPPVLDSDGSFFLYSR_P01861,0
TVAAC(UniMod_4)NLPIVR_P02760,0
TVAAPSVFIFPPSDEQLK_P01834,3
TVFGTEPDMIR_Q96KN2,2
TVQAVLTVPK_P36955,1
TVVQPSVGAAAGPVVPPC(UniMod_4)PGR_P02765,4
TYETTLEK_P02768,2
TYLGNALVC(UniMod_4)TC(UniMod_4)YGGSR_P02751,1
VAAGAFQGLR_P02750,0
VAHQLQALR_P10645,1
VAPDEHPILLTEAPLNPK_Q562R1,0
VASYGVKPR_P00751,1
VAVVQYSGTGQQRPER_P12109,4
VC(UniMod_4)PFAGILENGAVR_P02749,5
VC(UniMod_4)SQYAAYGEK_P02774,3
VDGALC(UniMod_4)MEK_P02790,5
VDNALQSGNSQESVTEQDSKDSTYSLSSTLTLSK_P01834,2
VDNALQSGNSQESVTEQDSK_P01834,2
VDSGNDVTDIADDGC(UniMod_4)PKPPEIAHGYVEHSVR_P00738,3
VEHSDLSFSK_P61769,0
VEKPTADAEAYVFTPNMIC(UniMod_4)AGGEK_P09871,2
VEPLRAELQEGAR_P02647,2
VEPYGENFNK_P06727,2
VFAVSHGR_P02751,1
VFNTPEGVPSAPSSLK_Q92823,0
VFQEPLFYEAPR_P07711,3
VFSNGADLSGVTEEAPLKLSK_P01009,2
VFSNGADLSGVTEEAPLK_P01009,2
VGFYESDVMGR_P01023,4
VGGVQSLGGTGALR_P17174,4
VGYVSGWGR_P00738,2
VHKEDDGVPVIC(UniMod_4)QVEHPAVTGNLQTQR_Q9BY67,0
VHTEC(UniMod_4)C(UniMod_4)HGDLLEC(UniMod_4)ADDRADLAK_P02768,1
VHTEC(UniMod_4)C(UniMod_4)HGDLLEC(UniMod_4)ADDR_P02768,3
VHVSEEGTEPEAMLQVLGPKPALPAGTEDTAKEDAANRK_P06396,4
VHVSEEGTEPEAMLQVLGPKPALPAGTEDTAKEDAANR_P06396,1
VIAVNEVGR_O00533,0
VKDISEVVTPR_P00751,2
VKDLATVYVDVLK_P02647,3
VKSPELQAEAK_P02652,2
VLDLSC(UniMod_4)NR_P08571,4
VLEPTLK_P02774,1
VLLDGVQNPR_P01024,11
VLLDQLR_Q9HDC9,1
VLNQELR_P05090,5
VLSIAQAHSPAFSC(UniMod_4)EQVR_P08571,2
VLTPTQVK_P30086,1
VMDKYTFELSR_P02774,1
VMPIC(UniMod_4)LPSKDYAEVGR_P00738,7
VMTPAVYAPYDVK_O00533,2
VNGSPVDNHPFAGDVVFPR_O00533,9
VNHVTLSQPK_P61769,2
VPEARPNSMVVEHPEFLK_P06396,1
VPEEDLKR_Q99832,0
VPFDAATLHTSTAMAAQHGMDDDGTGQK_P06396,1
VPMMSDPK_P36955,5
VPQVSTPTLVEVSR_P02768,1
VPVAVQGEDTVQSLTQGDGVAK_P01024,3
VQAAVGTSAAPVPSDNH_P02649,2
VQPYLDDFQKK_P02647,5
VQPYLDDFQK_P02647,4
VRGGEGTGYFVDFSVR_P04196,3
VRQGQGQSEPGEYEQR_P43121,8
VSEADIQR_P05408,0
VSEADSSNADWVTK_P00751,3
VSPTDC(UniMod_4)SAVEPEAEK_P04196,3
VSTLPAITLK_P07339,4
VTAAPQSVC(UniMod_4)ALR_P01023,2
VTEIWQEVMQR_P08294,9
VTEPISAESGEQVER_O14791,0
VTGVVLFR_P08294,2
VTIKPAPETEKRPQDAK_P01024,1
VTIPTDLIASSGDIIK_Q14118,0
VTLTC(UniMod_4)VAPLSGVDFQLR_P04217,2
VTSIQDWVQK_P00738,4
VTTVASHTSDSDVPSGVTEVVVK_P10909,1
VVEESELAR_P02748,0
VVEQMC(UniMod_4)ITQYER_P04156,0
VVVNFAPTIQEIK_Q7Z3B1,0
VYAC(UniMod_4)EVTHQGLSSPVTK_P01834,6
VYC(UniMod_4)DMNTENGGWTVIQNR_P02675,3
VYTVDLGR_P01833,0
WC(UniMod_4)AVSEHEATK_P02787,0
WEAEPVYVQR_P25311,4
WELALGR_P02649,1
WGYC(UniMod_4)LEPK_P00748,3
WKNFPSPVDAAFR_P02790,2
WLPSSSPVTGYR_P02751,2
WQEEMELYR_P02647,2
WSGQTAIC(UniMod_4)DNGAGYC(UniMod_4)SNPGIPIGTR_P00751,7
WSRPQAPITGYR_P02751,0
WSSTSPHRPR_P00747,3
WYEIEKIPTTFENGR_P05090,6
WYFDVTEGK_P05067,2
YAMVYGYNAAYNR_P08493,6
YANC(UniMod_4)HLAR_P02787,6
YFIDFVAR_P01042,3
YGFIEGHVVIPR_P16070,6
YGLDSDLSC(UniMod_4)K_P36955,3
YGLVTYATYPK_P00751,2
YGQTIRPIC(UniMod_4)LPC(UniMod_4)TEGTTR_P00751,5
YHDRDVWKPEPC(UniMod_4)R_P02452,3
YIETDPANR_P06396,0
YIFHNFMER_Q14624,2
YIVSGTPTFVPYLIK_Q92823,3
YKAAFTEC(UniMod_4)C(UniMod_4)QAADK_P02768,2
YLFLNGNK_P02750,2
YLGEEYVK_P02787,0
YLQEIYNSNNQK_P02679,0
YLYEIAR_P02768,2
YNSQNQSNNQFVLYR_P01042,1
YPGPQAEGDSEGLSQGLVDREK_P10645,2
YPNC(UniMod_4)AYR_P07998,1
YPSLSIHGIEGAFDEPGTK_Q96KN2,8
YQC(UniMod_4)YC(UniMod_4)YGR_P02751,4
YSLTYIYTGLSK_P25311,4
YTTEIIK_P00736,1
YVGGQEHFAHLLILR_P02763,2
YVM(UniMod_35)LPVADQDQC(UniMod_4)IR_P00738,5
YVMLPVADQDQC(UniMod_4)IR_P00738,16
YVNKEIQNAVNGVK_P10909,6
YWGVASFLQK_P02753,13
YYC(UniMod_4)FQGNQFLR_P02790,1
YYTYLIMNK_P01024,1
YYWGGQYTWDMAK_P02675,0
